<step title="Incoming Request" date="2026-01-31T04:08:41.700" instance="f757ee" url="/deploy?scmType=ExternalGit&amp;isAsync=true" method="POST" type="request" pid="833,1,7" Host="umbrella-reports-api.scm.azurewebsites.net" User-Agent="Azure-WebSites-Controller/106.0.7.121" Authorization="Bas..." Expect="100-continue" Content-Length="104" x-ms-request-id="9d1d6d7a-5ee9-4573-9c56-0e89cb541496" X-ARR-LOG-ID="9d1d6d7a-5ee9-4573-9c56-0e89cb541496" CLIENT-IP="20.48.204.14:5504" X-SITE-DEPLOYMENT-ID="umbrella-reports-api" WAS-DEFAULT-HOSTNAME="umbrella-reports-api.scm.azurewebsites.net" X-MS-PLATFORM-INTERNAL="True" X-Forwarded-Proto="https" X-AppService-Proto="https" X-Forwarded-TlsVersion="1.3" X-WAWS-Unencoded-URL="/deploy?scmType=ExternalGit&amp;isAsync=true" X-Client-IP="20.48.204.14" X-Client-Port="5504" >
  <step title="FetchHandler" date="2026-01-31T04:08:41.739" >
    <step title="GitExeRepository.Initialize" date="2026-01-31T04:08:41.823" >
      <step title="Executing external process" date="2026-01-31T04:08:41.831" type="process" path="git" arguments="init" /><!-- duration: 309ms -->
      <step title="Executing external process" date="2026-01-31T04:08:42.144" type="process" path="git" arguments="config core.autocrlf false" /><!-- duration: 46ms -->
      <step title="Executing external process" date="2026-01-31T04:08:42.193" type="process" path="git" arguments="config core.preloadindex true" /><!-- duration: 25ms -->
      <step title="Executing external process" date="2026-01-31T04:08:42.221" type="process" path="git" arguments="config user.name &quot;unknown&quot;" /><!-- duration: 21ms -->
      <step title="Executing external process" date="2026-01-31T04:08:42.248" type="process" path="git" arguments="config user.email &quot;unknown&quot;" /><!-- duration: 23ms -->
      <step title="Executing external process" date="2026-01-31T04:08:42.273" type="process" path="git" arguments="config filter.lfs.clean &quot;git-lfs clean %f&quot;" /><!-- duration: 23ms -->
      <step title="Executing external process" date="2026-01-31T04:08:42.299" type="process" path="git" arguments="config filter.lfs.smudge &quot;git-lfs smudge %f&quot;" /><!-- duration: 36ms -->
      <step title="Executing external process" date="2026-01-31T04:08:42.337" type="process" path="git" arguments="config filter.lfs.required true" /><!-- duration: 28ms -->
      <step title="Configure git server" date="2026-01-31T04:08:42.368" >
        <step title="Executing external process" date="2026-01-31T04:08:42.370" type="process" path="git" arguments="config receive.denyCurrentBranch ignore" /><!-- duration: 22ms -->
      </step><!-- duration: 27ms -->
      <step title="Create deny users for .git folder" date="2026-01-31T04:08:42.397" /><!-- duration: 34ms -->
      <step title="Configure git-credential" date="2026-01-31T04:08:42.434" >
        <step title="Executing external process" date="2026-01-31T04:08:42.459" type="process" path="git" arguments="config credential.helper &quot;!&apos;/home/site/repository/.git/hooks/git-credential-invalid.sh&apos;&quot;" /><!-- duration: 20ms -->
      </step><!-- duration: 47ms -->
      <step title="Setup post receive hook" date="2026-01-31T04:08:42.483" >
        <step title="Non-Windows enviroment, granting 755 permission to post-receive hook file" date="2026-01-31T04:08:42.533" /><!-- duration: 46ms -->
      </step><!-- duration: 100ms -->
    </step><!-- duration: 763ms -->
    <step title="Executing external process" date="2026-01-31T04:08:42.589" type="process" path="git" arguments="log -n 1 main --" >
      <step title="Process dump" date="2026-01-31T04:08:42.624" exitCode="128" type="processOutput" /><!-- duration: 3ms -->
    </step><!-- duration: 41ms -->
    <step title="Start deployment in the background" date="2026-01-31T04:08:42.634" >
      <step title="Executing external process" date="2026-01-31T04:08:42.668" type="process" path="git" arguments="rev-parse --git-dir" /><!-- duration: 65ms -->
      <step title="Executing external process" date="2026-01-31T04:08:42.742" type="process" path="git" arguments="rev-parse --git-dir" /><!-- duration: 37ms -->
      <step title="Executing external process" date="2026-01-31T04:08:42.783" type="process" path="git" arguments="log -n 1 main --" >
        <step title="Process dump" date="2026-01-31T04:08:42.821" exitCode="128" type="processOutput" /><!-- duration: 16ms -->
      </step><!-- duration: 56ms -->
      <step title="Acquiring Deployment Lock" date="2026-01-31T04:08:42.842" /><!-- duration: 2ms -->
      <step title="Acquired Deployment Lock" date="2026-01-31T04:08:42.890" /><!-- duration: 2ms -->
    </step><!-- duration: 352ms -->
  </step><!-- duration: 1250ms -->
  <step title="Outgoing response" date="2026-01-31T04:08:42.995" type="response" statusCode="202" statusText="Accepted" /><!-- duration: 2ms -->
</step><!-- duration: 1300ms -->
