<step title="BackgroundTrace" date="2026-01-31T04:08:42.637" instance="f757ee" url="/deploy" method="POST" >
  <step title="Creating temporary deployment - FetchDeploymentManager" date="2026-01-31T04:08:42.895" /><!-- duration: 2ms -->
  <step title="Creating temporary deployment" date="2026-01-31T04:08:42.901" /><!-- duration: 81ms -->
  <step title="Performing fetch based deployment" date="2026-01-31T04:08:43.582" >
    <step title="Deployment timer started" date="2026-01-31T04:08:47.364" >
      <step title="DeploymentManager.Deploy(id:f4368e159182306f0dd6d1dd7b7b1637fa755570)" date="2026-01-31T04:08:47.375" >
        <step title="Collecting changeset information" date="2026-01-31T04:08:47.427" /><!-- duration: 100ms -->
        <step title="Updating submodules" date="2026-01-31T04:08:47.532" /><!-- duration: 1128ms -->
        <step title="Determining deployment builder" date="2026-01-31T04:08:48.885" >
          <step title="Builder is OryxBuilder" date="2026-01-31T04:08:48.891" /><!-- duration: 6ms -->
        </step><!-- duration: 22ms -->
        <step title="PreDeployment: context.CleanOutputPath False" date="2026-01-31T04:08:48.966" >
          <step title="PreDeployment: context.OutputPath /home/site/wwwroot" date="2026-01-31T04:08:49.116" >
            <step title="Building" date="2026-01-31T04:08:49.279" >
              <step title="Executing external process" date="2026-01-31T04:08:49.557" type="process" path="bash" arguments="-c &quot;oryx build /home/site/repository -o /home/site/wwwroot --platform nodejs --platform-version 20 -p virtualenv_name= --log-file /tmp/build-debug.log  -i /tmp/8de607e6fb0c1b6 -p compress_node_modules=tar-gz | tee /tmp/oryx-build.log ; exit $PIPESTATUS &quot;" >
                <step title="Process dump" date="2026-01-31T04:10:33.378" exitCode="1" type="processOutput" /><!-- duration: 4ms -->
              </step><!-- duration: 103830ms -->
              <step title="Error occurred" date="2026-01-31T04:10:33.460" type="error" text="npm warn EBADENGINE Unsupported engine {
npm warn EBADENGINE   package: &apos;@azure/msal-node@1.18.0&apos;,
npm warn EBADENGINE   required: { node: &apos;10 || 12 || 14 || 16 || 18&apos; },
npm warn EBADENGINE   current: { node: &apos;v20.20.0&apos;, npm: &apos;10.8.2&apos; }
npm warn EBADENGINE }
npm warn deprecated lodash.isequal@4.5.0: This package is deprecated. Use require(&apos;node:util&apos;).isDeepStrictEqual instead.
npm warn deprecated inflight@1.0.6: This module is not supported, and leaks memory. Do not use it. Check out lru-cache if you want a good and tested way to coalesce async requests by a key value, which is much more comprehensive and powerful.
npm warn deprecated glob@7.2.3: Glob versions prior to v9 are no longer supported
npm warn deprecated rimraf@2.7.1: Rimraf versions prior to v4 are no longer supported
npm warn deprecated fstream@1.0.12: This package is no longer supported.
npm warn deprecated @azure/msal-node@1.18.0: A newer major version of this library is available. Please upgrade to the latest available version.
npm notice
npm notice New major version of npm available! 10.8.2 -&gt; 11.8.0
npm notice Changelog: https://github.com/npm/cli/releases/tag/v11.8.0
npm notice To update run: npm install -g npm@11.8.0
npm notice
/bin/bash -c &quot;oryx build /home/site/repository -o /home/site/wwwroot --platform nodejs --platform-version 20 -p virtualenv_name= --log-file /tmp/build-debug.log  -i /tmp/8de607e6fb0c1b6 -p compress_node_modules=tar-gz | tee /tmp/oryx-build.log ; exit $PIPESTATUS &quot;" stackTrace="   at Kudu.Core.Infrastructure.Executable.ExecuteInternal(ITracer tracer, Func`2 onWriteOutput, Func`2 onWriteError, CancellationToken token, Encoding encoding, String arguments, Object[] args) in /tmp/KuduLite/Kudu.Core/Infrastructure/Executable.cs:line 239
   at Kudu.Core.Infrastructure.Executable.ExecuteWithProgressWriter(ILogger logger, ITracer tracer, CancellationToken token, String arguments, Object[] args) in /tmp/KuduLite/Kudu.Core/Infrastructure/Executable.cs:line 118
   at Kudu.Core.Deployment.Generator.ExternalCommandBuilder.RunCommand(DeploymentContext context, String command, Boolean ignoreManifest, CancellationToken token, String message) in /tmp/KuduLite/Kudu.Core/Deployment/Generator/ExternalCommandBuilder.cs:line 122" /><!-- duration: 3ms -->
              <step title="Error occurred" date="2026-01-31T04:10:33.469" type="error" text="npm warn EBADENGINE Unsupported engine {
npm warn EBADENGINE   package: &apos;@azure/msal-node@1.18.0&apos;,
npm warn EBADENGINE   required: { node: &apos;10 || 12 || 14 || 16 || 18&apos; },
npm warn EBADENGINE   current: { node: &apos;v20.20.0&apos;, npm: &apos;10.8.2&apos; }
npm warn EBADENGINE }
npm warn deprecated lodash.isequal@4.5.0: This package is deprecated. Use require(&apos;node:util&apos;).isDeepStrictEqual instead.
npm warn deprecated inflight@1.0.6: This module is not supported, and leaks memory. Do not use it. Check out lru-cache if you want a good and tested way to coalesce async requests by a key value, which is much more comprehensive and powerful.
npm warn deprecated glob@7.2.3: Glob versions prior to v9 are no longer supported
npm warn deprecated rimraf@2.7.1: Rimraf versions prior to v4 are no longer supported
npm warn deprecated fstream@1.0.12: This package is no longer supported.
npm warn deprecated @azure/msal-node@1.18.0: A newer major version of this library is available. Please upgrade to the latest available version.
npm notice
npm notice New major version of npm available! 10.8.2 -&gt; 11.8.0
npm notice Changelog: https://github.com/npm/cli/releases/tag/v11.8.0
npm notice To update run: npm install -g npm@11.8.0
npm notice
/bin/bash -c &quot;oryx build /home/site/repository -o /home/site/wwwroot --platform nodejs --platform-version 20 -p virtualenv_name= --log-file /tmp/build-debug.log  -i /tmp/8de607e6fb0c1b6 -p compress_node_modules=tar-gz | tee /tmp/oryx-build.log ; exit $PIPESTATUS &quot;" stackTrace="   at Kudu.Core.Infrastructure.Executable.ExecuteInternal(ITracer tracer, Func`2 onWriteOutput, Func`2 onWriteError, CancellationToken token, Encoding encoding, String arguments, Object[] args) in /tmp/KuduLite/Kudu.Core/Infrastructure/Executable.cs:line 239
   at Kudu.Core.Infrastructure.Executable.ExecuteWithProgressWriter(ILogger logger, ITracer tracer, CancellationToken token, String arguments, Object[] args) in /tmp/KuduLite/Kudu.Core/Infrastructure/Executable.cs:line 118
   at Kudu.Core.Deployment.Generator.ExternalCommandBuilder.RunCommand(DeploymentContext context, String command, Boolean ignoreManifest, CancellationToken token, String message) in /tmp/KuduLite/Kudu.Core/Deployment/Generator/ExternalCommandBuilder.cs:line 122
   at Kudu.Core.Deployment.Generator.OryxBuilder.RunBuildCommand(IOryxArguments args, DeploymentContext context, CancellationToken token) in /tmp/KuduLite/Kudu.Core/Deployment/Generator/OryxBuilder.cs:line 295
   at Kudu.Core.Deployment.Generator.OryxBuilder.Build(DeploymentContext context, CancellationToken token) in /tmp/KuduLite/Kudu.Core/Deployment/Generator/OryxBuilder.cs:line 136
   at Kudu.Core.Deployment.DeploymentManager.Build(ChangeSet changeSet, ITracer tracer, IDisposable deployStep, IRepository repository, DeploymentInfoBase deploymentInfo, DeploymentAnalytics deploymentAnalytics, Boolean fullBuildByDefault, CancellationToken cancellationToken) in /tmp/KuduLite/Kudu.Core/Deployment/DeploymentManager.cs:line 771" /><!-- duration: 3ms -->
              <step title="Using GenericDeploymentLogParser" date="2026-01-31T04:10:33.930" /><!-- duration: 13ms -->
            </step><!-- duration: 106497ms -->
          </step><!-- duration: 106675ms -->
          <step title="Error occurred" date="2026-01-31T04:10:35.796" type="error" text="npm warn EBADENGINE Unsupported engine {
npm warn EBADENGINE   package: &apos;@azure/msal-node@1.18.0&apos;,
npm warn EBADENGINE   required: { node: &apos;10 || 12 || 14 || 16 || 18&apos; },
npm warn EBADENGINE   current: { node: &apos;v20.20.0&apos;, npm: &apos;10.8.2&apos; }
npm warn EBADENGINE }
npm warn deprecated lodash.isequal@4.5.0: This package is deprecated. Use require(&apos;node:util&apos;).isDeepStrictEqual instead.
npm warn deprecated inflight@1.0.6: This module is not supported, and leaks memory. Do not use it. Check out lru-cache if you want a good and tested way to coalesce async requests by a key value, which is much more comprehensive and powerful.
npm warn deprecated glob@7.2.3: Glob versions prior to v9 are no longer supported
npm warn deprecated rimraf@2.7.1: Rimraf versions prior to v4 are no longer supported
npm warn deprecated fstream@1.0.12: This package is no longer supported.
npm warn deprecated @azure/msal-node@1.18.0: A newer major version of this library is available. Please upgrade to the latest available version.
npm notice
npm notice New major version of npm available! 10.8.2 -&gt; 11.8.0
npm notice Changelog: https://github.com/npm/cli/releases/tag/v11.8.0
npm notice To update run: npm install -g npm@11.8.0
npm notice
/bin/bash -c &quot;oryx build /home/site/repository -o /home/site/wwwroot --platform nodejs --platform-version 20 -p virtualenv_name= --log-file /tmp/build-debug.log  -i /tmp/8de607e6fb0c1b6 -p compress_node_modules=tar-gz | tee /tmp/oryx-build.log ; exit $PIPESTATUS &quot;" stackTrace="   at Kudu.Core.Infrastructure.Executable.ExecuteInternal(ITracer tracer, Func`2 onWriteOutput, Func`2 onWriteError, CancellationToken token, Encoding encoding, String arguments, Object[] args) in /tmp/KuduLite/Kudu.Core/Infrastructure/Executable.cs:line 239
   at Kudu.Core.Infrastructure.Executable.ExecuteWithProgressWriter(ILogger logger, ITracer tracer, CancellationToken token, String arguments, Object[] args) in /tmp/KuduLite/Kudu.Core/Infrastructure/Executable.cs:line 118
   at Kudu.Core.Deployment.Generator.ExternalCommandBuilder.RunCommand(DeploymentContext context, String command, Boolean ignoreManifest, CancellationToken token, String message) in /tmp/KuduLite/Kudu.Core/Deployment/Generator/ExternalCommandBuilder.cs:line 122
   at Kudu.Core.Deployment.Generator.OryxBuilder.RunBuildCommand(IOryxArguments args, DeploymentContext context, CancellationToken token) in /tmp/KuduLite/Kudu.Core/Deployment/Generator/OryxBuilder.cs:line 295
   at Kudu.Core.Deployment.Generator.OryxBuilder.Build(DeploymentContext context, CancellationToken token) in /tmp/KuduLite/Kudu.Core/Deployment/Generator/OryxBuilder.cs:line 136
   at Kudu.Core.Deployment.DeploymentManager.Build(ChangeSet changeSet, ITracer tracer, IDisposable deployStep, IRepository repository, DeploymentInfoBase deploymentInfo, DeploymentAnalytics deploymentAnalytics, Boolean fullBuildByDefault, CancellationToken cancellationToken) in /tmp/KuduLite/Kudu.Core/Deployment/DeploymentManager.cs:line 771
   at Kudu.Core.Deployment.DeploymentManager.Build(ChangeSet changeSet, ITracer tracer, IDisposable deployStep, IRepository repository, DeploymentInfoBase deploymentInfo, DeploymentAnalytics deploymentAnalytics, Boolean fullBuildByDefault, CancellationToken cancellationToken) in /tmp/KuduLite/Kudu.Core/Deployment/DeploymentManager.cs:line 840" /><!-- duration: 16ms -->
          <step title="Cleaning up temp files" date="2026-01-31T04:10:35.906" /><!-- duration: 3816ms -->
          <step title="Cleaning up temp files" date="2026-01-31T04:10:39.750" /><!-- duration: 532ms -->
          <step title="Error occurred" date="2026-01-31T04:10:40.311" type="error" text="npm warn EBADENGINE Unsupported engine {
npm warn EBADENGINE   package: &apos;@azure/msal-node@1.18.0&apos;,
npm warn EBADENGINE   required: { node: &apos;10 || 12 || 14 || 16 || 18&apos; },
npm warn EBADENGINE   current: { node: &apos;v20.20.0&apos;, npm: &apos;10.8.2&apos; }
npm warn EBADENGINE }
npm warn deprecated lodash.isequal@4.5.0: This package is deprecated. Use require(&apos;node:util&apos;).isDeepStrictEqual instead.
npm warn deprecated inflight@1.0.6: This module is not supported, and leaks memory. Do not use it. Check out lru-cache if you want a good and tested way to coalesce async requests by a key value, which is much more comprehensive and powerful.
npm warn deprecated glob@7.2.3: Glob versions prior to v9 are no longer supported
npm warn deprecated rimraf@2.7.1: Rimraf versions prior to v4 are no longer supported
npm warn deprecated fstream@1.0.12: This package is no longer supported.
npm warn deprecated @azure/msal-node@1.18.0: A newer major version of this library is available. Please upgrade to the latest available version.
npm notice
npm notice New major version of npm available! 10.8.2 -&gt; 11.8.0
npm notice Changelog: https://github.com/npm/cli/releases/tag/v11.8.0
npm notice To update run: npm install -g npm@11.8.0
npm notice
/bin/bash -c &quot;oryx build /home/site/repository -o /home/site/wwwroot --platform nodejs --platform-version 20 -p virtualenv_name= --log-file /tmp/build-debug.log  -i /tmp/8de607e6fb0c1b6 -p compress_node_modules=tar-gz | tee /tmp/oryx-build.log ; exit $PIPESTATUS &quot;" stackTrace="   at Kudu.Core.Infrastructure.Executable.ExecuteInternal(ITracer tracer, Func`2 onWriteOutput, Func`2 onWriteError, CancellationToken token, Encoding encoding, String arguments, Object[] args) in /tmp/KuduLite/Kudu.Core/Infrastructure/Executable.cs:line 239
   at Kudu.Core.Infrastructure.Executable.ExecuteWithProgressWriter(ILogger logger, ITracer tracer, CancellationToken token, String arguments, Object[] args) in /tmp/KuduLite/Kudu.Core/Infrastructure/Executable.cs:line 118
   at Kudu.Core.Deployment.Generator.ExternalCommandBuilder.RunCommand(DeploymentContext context, String command, Boolean ignoreManifest, CancellationToken token, String message) in /tmp/KuduLite/Kudu.Core/Deployment/Generator/ExternalCommandBuilder.cs:line 122
   at Kudu.Core.Deployment.Generator.OryxBuilder.RunBuildCommand(IOryxArguments args, DeploymentContext context, CancellationToken token) in /tmp/KuduLite/Kudu.Core/Deployment/Generator/OryxBuilder.cs:line 295
   at Kudu.Core.Deployment.Generator.OryxBuilder.Build(DeploymentContext context, CancellationToken token) in /tmp/KuduLite/Kudu.Core/Deployment/Generator/OryxBuilder.cs:line 136
   at Kudu.Core.Deployment.DeploymentManager.Build(ChangeSet changeSet, ITracer tracer, IDisposable deployStep, IRepository repository, DeploymentInfoBase deploymentInfo, DeploymentAnalytics deploymentAnalytics, Boolean fullBuildByDefault, CancellationToken cancellationToken) in /tmp/KuduLite/Kudu.Core/Deployment/DeploymentManager.cs:line 771
   at Kudu.Core.Deployment.DeploymentManager.Build(ChangeSet changeSet, ITracer tracer, IDisposable deployStep, IRepository repository, DeploymentInfoBase deploymentInfo, DeploymentAnalytics deploymentAnalytics, Boolean fullBuildByDefault, CancellationToken cancellationToken) in /tmp/KuduLite/Kudu.Core/Deployment/DeploymentManager.cs:line 840
   at Kudu.Core.Deployment.DeploymentManager.DeployAsync(IRepository repository, ChangeSet changeSet, String deployer, Boolean clean, DeploymentInfoBase deploymentInfo, Boolean needFileUpdate, Boolean fullBuildByDefault) in /tmp/KuduLite/Kudu.Core/Deployment/DeploymentManager.cs:line 266" /><!-- duration: 16ms -->
        </step><!-- duration: 111368ms -->
        <step title="Reloading status file with latest updates" date="2026-01-31T04:10:40.382" >
          <step title="WebHooksManager.PublishEventAsync: PostDeployment" date="2026-01-31T04:10:40.388" /><!-- duration: 130ms -->
        </step><!-- duration: 156ms -->
        <step title="Error occurred" date="2026-01-31T04:10:40.549" type="error" text="npm warn EBADENGINE Unsupported engine {
npm warn EBADENGINE   package: &apos;@azure/msal-node@1.18.0&apos;,
npm warn EBADENGINE   required: { node: &apos;10 || 12 || 14 || 16 || 18&apos; },
npm warn EBADENGINE   current: { node: &apos;v20.20.0&apos;, npm: &apos;10.8.2&apos; }
npm warn EBADENGINE }
npm warn deprecated lodash.isequal@4.5.0: This package is deprecated. Use require(&apos;node:util&apos;).isDeepStrictEqual instead.
npm warn deprecated inflight@1.0.6: This module is not supported, and leaks memory. Do not use it. Check out lru-cache if you want a good and tested way to coalesce async requests by a key value, which is much more comprehensive and powerful.
npm warn deprecated glob@7.2.3: Glob versions prior to v9 are no longer supported
npm warn deprecated rimraf@2.7.1: Rimraf versions prior to v4 are no longer supported
npm warn deprecated fstream@1.0.12: This package is no longer supported.
npm warn deprecated @azure/msal-node@1.18.0: A newer major version of this library is available. Please upgrade to the latest available version.
npm notice
npm notice New major version of npm available! 10.8.2 -&gt; 11.8.0
npm notice Changelog: https://github.com/npm/cli/releases/tag/v11.8.0
npm notice To update run: npm install -g npm@11.8.0
npm notice
/bin/bash -c &quot;oryx build /home/site/repository -o /home/site/wwwroot --platform nodejs --platform-version 20 -p virtualenv_name= --log-file /tmp/build-debug.log  -i /tmp/8de607e6fb0c1b6 -p compress_node_modules=tar-gz | tee /tmp/oryx-build.log ; exit $PIPESTATUS &quot;" stackTrace="   at Kudu.Core.Infrastructure.Executable.ExecuteInternal(ITracer tracer, Func`2 onWriteOutput, Func`2 onWriteError, CancellationToken token, Encoding encoding, String arguments, Object[] args) in /tmp/KuduLite/Kudu.Core/Infrastructure/Executable.cs:line 239
   at Kudu.Core.Infrastructure.Executable.ExecuteWithProgressWriter(ILogger logger, ITracer tracer, CancellationToken token, String arguments, Object[] args) in /tmp/KuduLite/Kudu.Core/Infrastructure/Executable.cs:line 118
   at Kudu.Core.Deployment.Generator.ExternalCommandBuilder.RunCommand(DeploymentContext context, String command, Boolean ignoreManifest, CancellationToken token, String message) in /tmp/KuduLite/Kudu.Core/Deployment/Generator/ExternalCommandBuilder.cs:line 122
   at Kudu.Core.Deployment.Generator.OryxBuilder.RunBuildCommand(IOryxArguments args, DeploymentContext context, CancellationToken token) in /tmp/KuduLite/Kudu.Core/Deployment/Generator/OryxBuilder.cs:line 295
   at Kudu.Core.Deployment.Generator.OryxBuilder.Build(DeploymentContext context, CancellationToken token) in /tmp/KuduLite/Kudu.Core/Deployment/Generator/OryxBuilder.cs:line 136
   at Kudu.Core.Deployment.DeploymentManager.Build(ChangeSet changeSet, ITracer tracer, IDisposable deployStep, IRepository repository, DeploymentInfoBase deploymentInfo, DeploymentAnalytics deploymentAnalytics, Boolean fullBuildByDefault, CancellationToken cancellationToken) in /tmp/KuduLite/Kudu.Core/Deployment/DeploymentManager.cs:line 771
   at Kudu.Core.Deployment.DeploymentManager.Build(ChangeSet changeSet, ITracer tracer, IDisposable deployStep, IRepository repository, DeploymentInfoBase deploymentInfo, DeploymentAnalytics deploymentAnalytics, Boolean fullBuildByDefault, CancellationToken cancellationToken) in /tmp/KuduLite/Kudu.Core/Deployment/DeploymentManager.cs:line 840
   at Kudu.Core.Deployment.DeploymentManager.DeployAsync(IRepository repository, ChangeSet changeSet, String deployer, Boolean clean, DeploymentInfoBase deploymentInfo, Boolean needFileUpdate, Boolean fullBuildByDefault) in /tmp/KuduLite/Kudu.Core/Deployment/DeploymentManager.cs:line 266" /><!-- duration: 18ms -->
        <step title="Marking deployment as failed and cleaning up the temp deployment" date="2026-01-31T04:10:40.631" /><!-- duration: 15ms -->
      </step><!-- duration: 113512ms -->
      <step title="Error occurred" date="2026-01-31T04:10:40.901" type="error" text="One or more errors occurred. (Deployment failed)" stackTrace="   at System.Threading.Tasks.Task.ThrowIfExceptional(Boolean includeTaskCanceledExceptions)
   at System.Threading.Tasks.Task.Wait(Int32 millisecondsTimeout, CancellationToken cancellationToken)
   at System.Threading.Tasks.Task.Wait()
   at Kudu.Core.Deployment.FetchDeploymentManager.&lt;&gt;c__DisplayClass22_1.&lt;PerformBackgroundDeployment&gt;b__3() in /tmp/KuduLite/Kudu.Core/Deployment/FetchDeploymentManager.cs:line 414
   at Kudu.Contracts.Infrastructure.LockExtensions.TryLockOperation(IOperationLock lockObj, Action operation, String operationName, TimeSpan timeout) in /tmp/KuduLite/Kudu.Contracts/Infrastructure/LockExtensions.cs:line 34
   at Kudu.Contracts.Infrastructure.LockExtensions.LockOperation(IOperationLock lockObj, Action operation, String operationName, TimeSpan timeout) in /tmp/KuduLite/Kudu.Contracts/Infrastructure/LockExtensions.cs:line 46
   at Kudu.Core.Deployment.FetchDeploymentManager.&lt;&gt;c__DisplayClass22_0.&lt;PerformBackgroundDeployment&gt;b__1() in /tmp/KuduLite/Kudu.Core/Deployment/FetchDeploymentManager.cs:line 393" innerText="Deployment failed" innerStackTrace="   at Kudu.Core.Deployment.DeploymentManager.DeployAsync(IRepository repository, ChangeSet changeSet, String deployer, Boolean clean, DeploymentInfoBase deploymentInfo, Boolean needFileUpdate, Boolean fullBuildByDefault) in /tmp/KuduLite/Kudu.Core/Deployment/DeploymentManager.cs:line 307
   at Kudu.Core.Deployment.FetchDeploymentManager.PerformDeployment(DeploymentInfoBase deploymentInfo, IDisposable tempDeployment, ChangeSet tempChangeSet, DeployStatusApiResult updateStatusObj) in /tmp/KuduLite/Kudu.Core/Deployment/FetchDeploymentManager.cs:line 230" /><!-- duration: 3ms -->
    </step><!-- duration: 113542ms -->
