<step title="BackgroundTrace" date="2026-01-31T04:11:27.610" instance="f757ee" url="/deploy" method="POST" >
  <step title="Creating temporary deployment - FetchDeploymentManager" date="2026-01-31T04:11:27.781" /><!-- duration: 2ms -->
  <step title="Creating temporary deployment" date="2026-01-31T04:11:27.792" /><!-- duration: 172ms -->
  <step title="Performing fetch based deployment" date="2026-01-31T04:11:28.193" >
    <step title="Deployment timer started" date="2026-01-31T04:11:35.149" >
      <step title="DeploymentManager.Deploy(id:f4368e159182306f0dd6d1dd7b7b1637fa755570)" date="2026-01-31T04:11:35.163" >
        <step title="Collecting changeset information" date="2026-01-31T04:11:35.198" /><!-- duration: 178ms -->
        <step title="Updating submodules" date="2026-01-31T04:11:35.507" /><!-- duration: 1209ms -->
        <step title="Determining deployment builder" date="2026-01-31T04:11:37.276" >
          <step title="Builder is OryxBuilder" date="2026-01-31T04:11:37.334" /><!-- duration: 20ms -->
        </step><!-- duration: 87ms -->
        <step title="PreDeployment: context.CleanOutputPath False" date="2026-01-31T04:11:37.498" >
          <step title="PreDeployment: context.OutputPath /home/site/wwwroot" date="2026-01-31T04:11:37.847" >
            <step title="Building" date="2026-01-31T04:11:38.198" >
              <step title="Executing external process" date="2026-01-31T04:11:39.036" type="process" path="bash" arguments="-c &quot;oryx build /home/site/repository -o /home/site/wwwroot --platform nodejs --platform-version 20 -p virtualenv_name= --log-file /tmp/build-debug.log  -i /tmp/8de607ed418ad58 -p compress_node_modules=tar-gz | tee /tmp/oryx-build.log ; exit $PIPESTATUS &quot;" 