<step title="BackgroundTrace" date="2026-01-31T04:32:29.703" instance="f757ee" url="/api/publish" method="POST" >
  <step title="Creating temporary deployment - FetchDeploymentManager" date="2026-01-31T04:32:29.782" /><!-- duration: 2ms -->
  <step title="Creating temporary deployment" date="2026-01-31T04:32:29.788" /><!-- duration: 80ms -->
  <step title="Performing fetch based deployment" date="2026-01-31T04:32:29.924" >
    <step title="Cleaning up temp folders from previous zip deployments and extracting pushed zip file /tmp/zipdeploy/a135da11-91b9-46c9-bcd3-3caac030b336.zip (32.46 MB) to /tmp/zipdeploy/extracted" date="2026-01-31T04:32:31.201" >
      <step title="ChmodRecursive Process exited with total time taken in ms: 690" date="2026-01-31T04:32:47.366" /><!-- duration: 16ms -->
    </step><!-- duration: 16217ms -->
    <step title="Deployment timer started" date="2026-01-31T04:32:49.461" >
      <step title="DeploymentManager.Deploy(id:17635009-b8bf-4481-ad54-71939c47516b)" date="2026-01-31T04:32:49.468" >
        <step title="Collecting changeset information" date="2026-01-31T04:32:49.488" /><!-- duration: 109ms -->
        <step title="Updating submodules" date="2026-01-31T04:32:49.601" /><!-- duration: 1154ms -->
        <step title="Determining deployment builder" date="2026-01-31T04:32:50.982" >
          <step title="Builder is OneDeployBuilder" date="2026-01-31T04:32:51.005" /><!-- duration: 3ms -->
        </step><!-- duration: 32ms -->
        <step title="PreDeployment: context.CleanOutputPath False" date="2026-01-31T04:32:51.083" >
          <step title="PreDeployment: context.OutputPath /home/site/wwwroot" date="2026-01-31T04:32:51.198" >
            <step title="Building" date="2026-01-31T04:32:51.351" >
              <step title="Executing external process" date="2026-01-31T04:32:52.003" type="process" path="starter.sh" arguments="/opt/Kudu/Scripts/absoluteTar.sh /tmp/zipdeploy/extracted/node_modules /tmp/zipdeploy/extracted/node_modules.tar.gz" /><!-- duration: 26080ms -->
              <step title="Executing external process" date="2026-01-31T04:33:18.594" type="process" path="starter.sh" arguments="/opt/Kudu/Scripts/parallel_rsync.sh /tmp/zipdeploy/extracted /home/site/wwwroot 8 /tmp/ False False node_modules " /><!-- duration: 6271ms -->
              <step title="Modified file to trigger a restart of the app container." date="2026-01-31T04:33:25.659" /><!-- duration: 2ms -->
              <step title="Skip function trigger and logicapp sync because function is not enabled." date="2026-01-31T04:33:25.669" /><!-- duration: 2ms -->
            </step><!-- duration: 34933ms -->
          </step><!-- duration: 35092ms -->
          <step title="Cleaning up temp files" date="2026-01-31T04:33:26.292" /><!-- duration: 5ms -->
          <step title="Cleaning up temp files" date="2026-01-31T04:33:26.298" /><!-- duration: 512ms -->
          <step title="Reloading status file with latest updates" date="2026-01-31T04:33:26.871" >
            <step title="WebHooksManager.PublishEventAsync: PostDeployment" date="2026-01-31T04:33:26.874" /><!-- duration: 75ms -->
          </step><!-- duration: 80ms -->
          <step title="Cleaning up temporary deployment - fetch deployment was successful" date="2026-01-31T04:33:26.955" /><!-- duration: 2ms -->
        </step><!-- duration: 35951ms -->
      </step><!-- duration: 37580ms -->
