<step title="Incoming Request" date="2026-01-31T04:32:27.701" instance="f757ee" url="/api/publish?async=true&amp;deployer=GITHUB_ONE_DEPLOY&amp;type=zip&amp;message=%7B%22type%22%3A%22deployment%22%2C%22sha%22%3A%22ddfd42a9d87920d9a3cfe221719c836bb5af97b8%22%2C%22repoName%22%3A%22Sovereignllama%2FUmbrella-report-system-backend%22%2C%22actor%22%3A%22Sovereignllama%22%2C%22slotName%22%3A%22Production%22%2C%22commitMessage%22%3A%22Add%20or%20update%20the%20Azure%20App%20Service%20build%20and%20deployment%20workflow%20config%22%7D" method="POST" type="request" pid="834,1,7" Host="umbrella-reports-api.scm.azurewebsites.net" User-Agent="GITHUBACTIONS_DeployWebAppToAzure_86bd54878d52f7a7107d3960539d631474d814779b849e2e14f163e0048b9dad" Authorization="Bea..." Content-Type="application/octet-stream" Cookie="ARRAffinity=f757ee93d926c0d64797ab3b4e1b3d8fc9a3a1761a774b9fe4e54b3fa741c745;Path=/;HttpOnly;Secure;Domain=umbrella-reports-api.scm.azurewebsites.net; ARRAffinitySameSite=f757ee93d926c0d64797ab3b4e1b3d8fc9a3a1761a774b9fe4e54b3fa741c745;Path=/;HttpOnly;SameSite=None;Secure;Domain=umbrella-reports-api.scm.azurewebsites.net" Transfer-Encoding="chunked" X-ARR-LOG-ID="98fc7c40-d6ca-4624-9efc-788be49def4c" CLIENT-IP="172.215.217.193:36993" X-SITE-DEPLOYMENT-ID="umbrella-reports-api" WAS-DEFAULT-HOSTNAME="umbrella-reports-api.scm.azurewebsites.net" X-Forwarded-Proto="https" X-AppService-Proto="https" X-Forwarded-TlsVersion="1.3" X-WAWS-Unencoded-URL="/api/publish?async=true&amp;deployer=GITHUB_ONE_DEPLOY&amp;type=zip&amp;message=%7B%22type%22%3A%22deployment%22%2C%22sha%22%3A%22ddfd42a9d87920d9a3cfe221719c836bb5af97b8%22%2C%22repoName%22%3A%22Sovereignllama%2FUmbrella-report-system-backend%22%2C%22actor%22%3A%22Sovereignllama%22%2C%22slotName%22%3A%22Production%22%2C%22commitMessage%22%3A%22Add%20or%20update%20the%20Azure%20App%20Service%20build%20and%20deployment%20workflow%20config%22%7D" X-Client-IP="172.215.217.193" X-Client-Port="36993" >
  <step title="Cleanup Xml Logs" date="2026-01-31T04:32:27.712" /><!-- duration: 111ms -->
  <step title="OneDeploy" date="2026-01-31T04:32:28.460" >
    <step title="None repository commit" date="2026-01-31T04:32:28.472" >
      <step title="Commit id: 17635009-b8bf-4481-ad54-71939c47516b" date="2026-01-31T04:32:28.475" Message="N/A" AuthorName="N/A" AuthorEmail="N/A" /><!-- duration: 3ms -->
    </step><!-- duration: 31ms -->
    <step title="Starting PushDeployAsync" date="2026-01-31T04:32:28.506" /><!-- duration: 2ms -->
    <step title="Writing artifact to /tmp/zipdeploy/a135da11-91b9-46c9-bcd3-3caac030b336.zip" date="2026-01-31T04:32:28.531" >
      <step title="Writing multipart request body to /tmp/zipdeploy/a135da11-91b9-46c9-bcd3-3caac030b336.zip" date="2026-01-31T04:32:28.535" /><!-- duration: 7ms -->
    </step><!-- duration: 1143ms -->
    <step title="Start deployment in the background" date="2026-01-31T04:32:29.696" >
      <step title="Acquiring Deployment Lock" date="2026-01-31T04:32:29.735" /><!-- duration: 3ms -->
      <step title="Acquired Deployment Lock" date="2026-01-31T04:32:29.777" /><!-- duration: 2ms -->
    </step><!-- duration: 176ms -->
  </step><!-- duration: 1419ms -->
  <step title="Outgoing response" date="2026-01-31T04:32:29.895" type="response" statusCode="202" statusText="Accepted" /><!-- duration: 2ms -->
</step><!-- duration: 2198ms -->
