<step title="Incoming Request" date="2026-01-31T04:11:27.125" instance="f757ee" url="/deploy?scmType=ExternalGit&amp;isAsync=true" method="POST" type="request" pid="833,1,5" Host="umbrella-reports-api.scm.azurewebsites.net" User-Agent="Azure-WebSites-Controller/106.0.7.121" Authorization="Bas..." Expect="100-continue" Content-Length="104" x-ms-request-id="24f0de58-7916-4b2d-82a4-4af0a94d6958" X-ARR-LOG-ID="24f0de58-7916-4b2d-82a4-4af0a94d6958" CLIENT-IP="20.48.204.14:5504" X-SITE-DEPLOYMENT-ID="umbrella-reports-api" WAS-DEFAULT-HOSTNAME="umbrella-reports-api.scm.azurewebsites.net" X-MS-PLATFORM-INTERNAL="True" X-Forwarded-Proto="https" X-AppService-Proto="https" X-Forwarded-TlsVersion="1.3" X-WAWS-Unencoded-URL="/deploy?scmType=ExternalGit&amp;isAsync=true" X-Client-IP="20.48.204.14" X-Client-Port="5504" >
  <step title="Cleanup Xml Logs" date="2026-01-31T04:11:27.145" /><!-- duration: 18ms -->
  <step title="FetchHandler" date="2026-01-31T04:11:27.247" >
    <step title="Executing external process" date="2026-01-31T04:11:27.320" type="process" path="git" arguments="rev-parse --git-dir" /><!-- duration: 114ms -->
    <step title="Executing external process" date="2026-01-31T04:11:27.437" type="process" path="git" arguments="rev-parse --git-dir" /><!-- duration: 29ms -->
    <step title="Executing external process" date="2026-01-31T04:11:27.474" type="process" path="git" arguments="log -n 1 main --" /><!-- duration: 127ms -->
    <step title="Start deployment in the background" date="2026-01-31T04:11:27.607" >
      <step title="Executing external process" date="2026-01-31T04:11:27.618" type="process" path="git" arguments="rev-parse --git-dir" /><!-- duration: 21ms -->
      <step title="Executing external process" date="2026-01-31T04:11:27.650" type="process" path="git" arguments="rev-parse --git-dir" /><!-- duration: 19ms -->
      <step title="Executing external process" date="2026-01-31T04:11:27.676" type="process" path="git" arguments="log -n 1 main --" /><!-- duration: 30ms -->
      <step title="Acquiring Deployment Lock" date="2026-01-31T04:11:27.724" /><!-- duration: 3ms -->
      <step title="Acquired Deployment Lock" date="2026-01-31T04:11:27.764" /><!-- duration: 9ms -->
    </step><!-- duration: 366ms -->
  </step><!-- duration: 735ms -->
  <step title="Outgoing response" date="2026-01-31T04:11:27.992" type="response" statusCode="202" statusText="Accepted" /><!-- duration: 28ms -->
</step><!-- duration: 898ms -->
