<step title="Incoming Request" date="2026-01-31T04:17:08.747" instance="f757ee" url="/api/scm" method="DELETE" type="request" pid="833,1,18" Host="umbrella-reports-api.scm.azurewebsites.net" User-Agent="Azure-WebSites-Controller/106.0.7.121" Authorization="Bas..." x-ms-request-id="a92c6d29-540c-4bd9-b27e-ceadb983239d" X-ARR-LOG-ID="a92c6d29-540c-4bd9-b27e-ceadb983239d" CLIENT-IP="20.48.204.14:3520" X-SITE-DEPLOYMENT-ID="umbrella-reports-api" WAS-DEFAULT-HOSTNAME="umbrella-reports-api.scm.azurewebsites.net" X-MS-PLATFORM-INTERNAL="True" X-Forwarded-Proto="https" X-AppService-Proto="https" X-Forwarded-TlsVersion="1.3" X-WAWS-Unencoded-URL="/api/scm" X-Client-IP="20.48.204.14" X-Client-Port="3520" >
  <step title="Acquiring Deployment Lock" date="2026-01-31T04:17:09.059" /><!-- duration: 39ms -->
  <step title="Acquired Deployment Lock" date="2026-01-31T04:17:09.339" /><!-- duration: 20ms -->
  <step title="Deleting repository" date="2026-01-31T04:17:09.378" /><!-- duration: 14299ms -->
  <step title="Delete auto swap lock file" date="2026-01-31T04:17:23.763" /><!-- duration: 237ms -->
  <step title="Deleting ssh key" date="2026-01-31T04:17:24.105" /><!-- duration: 95ms -->
  <step title="Updating initial deployment manifest" date="2026-01-31T04:17:24.211" /><!-- duration: 498ms -->
  <step title="Deleting deployment cache" date="2026-01-31T04:17:24.874" /><!-- duration: 365ms -->
  <step title="Releasing Deployment Lock - There is NO LOCK HELD | ERROR" date="2026-01-31T04:17:25.334" /><!-- duration: 20ms -->
  <step title="Outgoing response" date="2026-01-31T04:17:25.422" type="response" statusCode="200" statusText="OK" /><!-- duration: 29ms -->
</step><!-- duration: 16716ms -->
