﻿<?xml version="1.0" encoding="utf-8"?>
<deployment>
  <id>17635009-b8bf-4481-ad54-71939c47516b</id>
  <author>N/A</author>
  <deployer>OneDeploy</deployer>
  <authorEmail>N/A</authorEmail>
  <message>OneDeploy</message>
  <progress></progress>
  <status>Success</status>
  <statusText></statusText>
  <lastSuccessEndTime>2026-01-31T04:33:26.0167983Z</lastSuccessEndTime>
  <receivedTime>2026-01-31T04:32:49.5363562Z</receivedTime>
  <startTime>2026-01-31T04:32:50.9217413Z</startTime>
  <endTime>2026-01-31T04:33:26.0167983Z</endTime>
  <complete>True</complete>
  <is_temp>False</is_temp>
  <is_readonly>True</is_readonly>
  <buildSummary />
</deployment>